<?xml version="1.0" encoding="UTF-8"?>
<project-private xmlns="http://www.netbeans.org/ns/project-private/1">
    <editor-bookmarks xmlns="http://www.netbeans.org/ns/editor-bookmarks/2" lastBookmarkId="0"/>
    <open-files xmlns="http://www.netbeans.org/ns/projectui-open-files/2">
        <group>
            <file>file:/C:/Users/bavis/Documents/NetBeansProjects/9donuts/src/pkg9donuts/Dashboard.java</file>
            <file>file:/C:/Users/bavis/Documents/NetBeansProjects/9donuts/src/pkg9donuts/Login.java</file>
            <file>file:/C:/Users/bavis/Documents/NetBeansProjects/9donuts/src/pkg9donuts/StarPackages.java</file>
            <file>file:/C:/Users/bavis/Documents/NetBeansProjects/9donuts/src/pkg9donuts/Payment.java</file>
            <file>file:/C:/Users/bavis/Documents/NetBeansProjects/9donuts/src/pkg9donuts/EditDetails.java</file>
            <file>file:/C:/Users/bavis/Documents/NetBeansProjects/9donuts/src/pkg9donuts/Signup.java</file>
            <file>file:/C:/Users/bavis/Documents/NetBeansProjects/9donuts/src/pkg9donuts/SearchPackages.java</file>
        </group>
    </open-files>
</project-private>
